url;title
https://sussyscan.com/manga/reencarnacao-maldita/capitulo-81/;Reencarnação Maldita - Capitulo 81 - Sussy Scan
https://sussyscan.com/manga/lenda-do-general-estelar/capitulo-123/;Lenda do General Estelar - Capitulo 123 - Sussy Scan
https://sussyscan.com/manga/o-mundo-apos-a-queda/capitulo-124/;O Mundo Depois do Fim - Capítulo 124 - Sussy Scan
https://sussyscan.com/manga/o-antigo-soberano-da-eternidade/capitulo-251/;O Antigo Soberano da Eternidade - Capítulo 251 - Sussy Scan
https://sussyscan.com/manga/necromante-sem-limites/capitulo-81/;Necromante Sem Limites - Capítulo 81 - Sussy Scan
https://sussyscan.com/manga/o-comeco-apos-o-fim/capitulo-175-11/;O Começo Após o Fim - Capítulo 175.11 - Sussy Scan
https://sussyscan.com/manga/a-divina-loja-de-mascotes-estelares/capitulo-112/;A Divina Loja de Mascotes Estelares - Capítulo 112 - Sussy Scan
https://sussyscan.com/manga/o-jogador-que-retorna-apos-dez-mil-anos/capitulo-65/;O Jogador que Retorna Após Dez Mil Anos - Capítulo 65 - Sussy Scan
https://sussyscan.com/manga/me-escolhe/capitulo-92/;Me Escolhe! - Capítulo 92 - Sussy Scan
https://sussyscan.com/manga/nanotecnologia-marcial/capitulo-203/;Nanotecnologia Marcial - Capítulo 203 - Sussy Scan
https://sussyscan.com/manga/o-unico-necromante/capitulo-120/;O Único Necromante - Capítulo 120 - Sussy Scan
https://sussyscan.com/manga/grau-relampago/capitulo-171/;Grau Relâmpago - Capitulo 171 - Sussy Scan
https://sussyscan.com/manga/o-retorno-do-jogador-de-classe-sss/capitulo-102/;O Retorno do Jogador de Classe-SSS - Capítulo 102 - Sussy Scan
https://sussyscan.com/manga/espada-da-inquisicao-celestial/capitulo-74/;Espada da Inquisição Celestial - Capítulo 74 - Sussy Scan
https://sussyscan.com/manga/a-reencarnacao-do-deus-da-guerra/capitulo-87/;A Reencarnação do Deus da Guerra - Capítulo 87 - Sussy Scan
https://sussyscan.com/manga/eu-tirei-ferias-por-motivos-pessoais/capitulo-71/;Eu Tirei Férias Por Motivos Pessoais - Capítulo 71 - Sussy Scan
https://sussyscan.com/manga/mago-devorador-de-dragoes/capitulo-1/;Mago Devorador de Dragões - Capitulo 1 - Sussy Scan
https://sussyscan.com/manga/nao-posso-ser-apenas-um-estudante/capitulo-1/;Não Posso Ser Apenas Um Estudante? - Capitulo 1 - Sussy Scan
https://sussyscan.com/manga/o-lixo-da-familia-condal/capitulo-108/;O Lixo da Familia Condal - Capítulo 108 - Sussy Scan
https://sussyscan.com/manga/streamer-marcial/capitulo-1/;Streamer Marcial - Capitulo 1 - Sussy Scan
https://sussyscan.com/manga/yongsa-high-saqueadores-de-masmorras/capitulo-01/;Yongsa High: Saqueadores de Masmorras - Capitulo 01 - Sussy Scan
https://sussyscan.com/manga/necromante-catastrofico/capitulo-01/;Necromante Catastrófico - Capítulo 01 - Sussy Scan
https://sussyscan.com/manga/genio-da-esgrima-da-academia/;Gênio da Esgrima da Academia - Sussy Scan
https://sussyscan.com/manga/me-tornei-um-funcionario-de-meio-periodo-para-os-deuses/;Me Tornei um Funcionário de Meio Período para os Deuses - Sussy Scan
https://sussyscan.com/manga/streaming-do-arqueiro-genial/;Streaming do Arqueiro Genial - Sussy Scan
https://sussyscan.com/manga/renascimento-do-demonio-celestial/;Renascimento do Demônio Celestial - Sussy Scan
https://sussyscan.com/manga/o-retorno-da-constelacao-perdida/;O Retorno da Constelação Quebrada - Sussy Scan
https://sussyscan.com/manga/eu-escolhi-um-martelo-para-salvar-o-mundo/;Eu Escolhi um Martelo para Salvar o Mundo - Sussy Scan
https://sussyscan.com/manga/reencarnacao-do-antigo-ranker-do-cla-murim/;Reencarnação do antigo Ranker do Clã Murim - Sussy Scan
https://sussyscan.com/manga/o-filho-regressado-do-duque-e-um-assassino/;O Filho Regressado do Duque é um Assassino - Sussy Scan
https://sussyscan.com/manga/caracteristicas-evolutivas-do-necromante/;Características Evolutivas do Necromante - Sussy Scan
https://lermangas.me/manga/jogador-cirurgiao/capitulo-65/;Jogador Cirurgião - Capítulo 65 - Ler Mangas
https://sussyscan.com/manga/yongsa-high-saqueadores-de-masmorras/capitulo-45/;Yongsa High: Saqueadores de Masmorras - Capitulo 45 - Sussy Scan
https://mangaschan.net/01533401/sss-rank-paladin-who-transcends-common-sense-capitulo-1/;SSS-Rank Paladin Who Transcends Common Sense Capítulo 1 - Mangás Chan
https://old.sussytoons.com/manga/o-antigo-soberano-da-eternidade/capitulo-251/;O Antigo Soberano da Eternidade - Capítulo 251 - Sussy Scan
https://old.sussytoons.com/manga/necromante-sem-limites/capitulo-81/;Necromante Sem Limites - Capítulo 81 - Sussy Scan
https://tsuki-mangas.com/obra/9965/i-killed-the-player-of-the-academy;I Killed the Player of the Academy - Tsuki mangás
https://www.crunchyroll.com/pt-br/series/G9VHN9QED/am-i-actually-the-strongest;É Sério Que Eu Sou o Mais Forte? em português brasileiro - Crunchyroll
https://tsuki-mangas.com/leitor/49/370468/damn-reincarnation/81;Damn Reincarnation Capítulo 81 - Tsuki mangás
https://tsuki-mangas.com/leitor/46/81651/the-god-of-high-school/569;The God of High School Capítulo 569 - Tsuki mangás
https://tsuki-mangas.com/obra/42/demon-slayer-kimetsu-no-yaiba;Demon Slayer: Kimetsu no Yaiba - Tsuki mangás
https://jujutsuteca.digital/ler-manga/jujutsu-kaisen/capitulo-258/;Ler Manga Jujutsu Kaisen em PT-BR - JujutsuTeca
https://mangaonline.biz/capitulo/jujutsu-kaisen-capitulo-257/;Jujutsu Kaisen Capítulo 257 - Manga Online
https://www.intoxianime.com/2024/03/maou-gun-saikyou-anime-sobre-humano-fingindo-ser-demonio-ganha-trailer-com-op-e-previsao-de-estreia/;MaouGun Saikyou - Anime sobre humano fingindo ser demônio ganha trailer com OP e previsão de estreia - IntoxiAnime
https://myanimelist.net/anime/48761/Saihate_no_Paladin;Saihate no Paladin (The Faraway Paladin) - MyAnimeList.net
https://tsuki-mangas.com/leitor/88/410121/black-clover/373;Black Clover Capítulo 373 - Tsuki mangás
https://tsuki-mangas.com/leitor/8058/409740/maryoku-9999-man-zen-zokusei-tsukai-no-dai-kenja/77;Maryoku 9999 Man - Zen Zokusei Tsukai no Dai Kenja Capítulo 77 - Tsuki mangás
https://tsuki-mangas.com/leitor/72/425506/the-sss-ranker-returns/122;The SSS-Ranker Returns Capítulo 122 - Tsuki mangás
https://tsuki-mangas.com/leitor/172/431487/solo-necromancer/143;Solo NecromancerCapítulo 143 - Tsuki mangás
https://tsuki-mangas.com/leitor/110/432977/shuumatsu-no-walkure/95;Shuumatsu no Walkure Capítulo 95 - Tsuki mangás
https://tsuki-mangas.com/leitor/45/433555/blue-lock/281;Blue Lock Capítulo 281 - Tsuki mangás
https://tsuki-mangas.com/leitor/99/433121/tensei-shitara-slime-datta-ken/123;Tensei Shitara Slime Datta Ken Capítulo 123 - Tsuki mangás
https://tsuki-mangas.com/leitor/101/433122/revenge-of-the-baskerville-bloodhound/84;Revenge of the Baskerville Bloodhound Capítulo 84 - Tsuki mangás
https://tsuki-mangas.com/leitor/9878/433384/ao-ashi/386;Ao Ashi Capítulo 386 - Tsuki mangás
https://oldi.sussytoons.com/manga/o-mundo-apos-a-queda/capitulo-152/;O Mundo Após a Queda - Capítulo 152 SussyToons
https://mangaonline.biz/;Manga Online - Ler Mangá Online Grátis
https://mangaonline.blog/;Manga Online - Ler Mangá Online Grátis
https://oldi.sussytoons.com/manga/quebra-vento/capitulo-519/;Quebra Vento - Capítulo 519 - SussyToons
https://oldi.sussytoons.com/manga/me-escolhe/capitulo-122/;Me Escolhe! - Capítulo 122 - SussyToons
https://disqus.com/by/SpringALO/following/sites/;Greg Heffley · Perfil · Disqus
https://oldi.sussytoons.com/manga/upando-sozinho-ragnarok/capitulo-27/;Upando Sozinho: Ragnarok - Capítulo 27 - SussyToons
https://oldi.sussytoons.com/manga/logando-10-000-anos-no-futuro/capitulo-168/;Logando 10.000 Anos No Futuro - Capítulo 168 - SussyToons
https://oldi.sussytoons.com/manga/a-divina-loja-de-mascotes-estelares/capitulo-165/;A Divina Loja de Mascotes Estelares - Capítulo 165 - SussyToons
https://oldi.sussytoons.com/manga/contos-de-demonios-e-deuses-2/capitulo-486-5/;Contos de Demônios e Deuses - Capítulo 486.5 - SussyToons
https://new.sussytoons.site/;SussyToons
https://new.sussytoons.site/capitulo/85426;SussyToons
https://oldi.sussytoons.com/manga/o-retorno-do-heroi-de-classe-desastre/capitulo-101/;O Retorno do Herói de Classe Desastre - Capítulo 101 - SussyToons
https://new.sussytoons.site/capitulo/85523;SussyToons
https://new.sussytoons.site/capitulo/85693;SussyToons
https://new.sussytoons.site/capitulo/85791;SussyToons
https://new.sussytoons.site/capitulo/85819;SussyToons
https://oldi.sussytoons.com/manga/nanotecnologia-marcial/capitulo-236/;Nanotecnologia Marcial - Capítulo 236 - SussyToons
https://new.sussytoons.site/capitulo/85825;SussyToons
https://oldi.sussytoons.com/manga/o-comeco-apos-o-fim/capitulo-197/;O Começo Depois o Fim - Capítulo 197 - SussyToons
https://oldi.sussytoons.site/manga/me-escolhe/capitulo-126/;Me Escolhe! -Capítulo 126 - SussyToons
https://oldi.sussytoons.site/manga/upando-sozinho-ragnarok/capitulo-32/;Upando Sozinho: Ragnarok - Capítulo 32 - SussyToons
https://oldi.sussytoons.site/manga/contos-de-demonios-e-deuses-2/capitulo-487/;Contos de Demônios e Deuses - Capítulo 487 - SussyToons
https://oldi.sussytoons.site/manga/o-retorno-do-heroi-de-classe-desastre/capitulo-104/;O Retorno do Herói de Classe Desastre - Capítulo 104 - SussyToons
https://oldi.sussytoons.site/manga/nanotecnologia-marcial/capitulo-237/;Nanotecnologia Marcial - Capítulo 237 - SussyToons
https://oldi.sussytoons.site/manga/o-comeco-apos-o-fim/capitulo-198/;O Começo Depois o Fim - Capítulo 198 - SussyToons
https://oldi.sussytoons.site/manga/o-mundo-apos-a-queda/capitulo-152/;O Mundo Após a Queda - Capítulo 152 - SussyToons
https://oldi.sussytoons.site/manga/quebra-vento/capitulo-525/;Quebra-Vento - Capítulo 525 - SussyToons
https://oldi.sussytoons.site/manga/me-escolhe/capitulo-122/;Me Escolhe! - Capítulo 122 - SussyToons
https://oldi.sussytoons.site/manga/logando-10-000-anos-no-futuro/capitulo-178/;Logando 10.000 Anos No Futuro - Capítulo 178 - SussyToons
https://oldi.sussytoons.site/manga/a-divina-loja-de-mascotes-estelares/capitulo-165/;A Divina Loja de Mascotes Estelares - Capítulo 165 - SussyToons
https://mangaonline.blog/manga/solo-leveling-ragnarok/capitulo-33-pt-br/;Solo Leveling: Ragnarok - Capítulo 33 (PT-BR) - Manga Online - Ler Mangá Online Grátis
https://mangaonline.blog/manga/revenge-of-the-baskerville-bloodhound/capitulo-92-pt-br/;Revenge of the Baskerville Bloodhound - Capítulo 92 (PT-BR) - Manga Online - Ler Mangá Online Grátis
https://mangaonline.blog/manga/blue-lock-manga-pt-br/capitulo-288-pt-br/;Blue Lock - capitulo 288 (PT-BR) - Manga Online - Ler Mangá Online Grátis
https://mangaonline.blog/manga/nano-machine-manhwa/capitulo-239-pt-br/;Nano Machine - capitulo 239 (PT-BR) - Manga Online - Ler Mangá Online Grátis
https://mangaonline.blog/manga/logging-10000-years-into-the-future-manga-pt-br/capitulo-181-pt-br/;Logging 10,000 Years Into The Future - capitulo 181 (PT-BR) - Manga Online - Ler Mangá Online Grátis Mangas
https://mangalivre.net/orient/online/356979/capitulo/116#/!page0;Orient - Capítulo 116 por Stay Night Scans
https://mangalivre.net/i-am-an-invincible-genius/online/404473/capitulo/42#/!page0;I Am an Invincible Genius - Capítulo 42 por War Queen Scan
https://mangalivre.net/swallow-the-whole-world/online/452008/capitulo/50#/!page0;Swallow the Whole World - Capítulo 50 por Tatakae Scanlator
https://mangalivre.net/birth-of-an-emperor/online/457594/capitulo/47#/!page0;Birth of An Emperor - Capítulo 47 por Glorious Scan
https://mangalivre.net/riding-on-the-edge-of-annihilation/online/447607/capitulo/25#/!page0;Riding On The Edge Of Annihilation - Capítulo 25 por Hunters Scans
https://mangalivre.net/gendai-no-saikyou-heishi-isekai-dungeon-o-kouryaku-suru/online/465003/capitulo/22#/!page0;Gendai no Saikyou Heishi, Isekai Dungeon o Kouryaku Suru - Capítulo 22 por Tyrant Scans
https://mangalivre.net/warrior-high-school-dungeon-raid-department/online/465129/capitulo/45#/!page0;Warrior High School - Dungeon Raid Department - Capítulo 45 por Prisma Scan
https://mangalivre.net/devouring-zone/online/468752/capitulo/105#/!page0;Devouring Zone - Capítulo 105 por Arthur Scan
https://mangalivre.net/mashle/online/475858/capitulo/162#/!page0;Mashle - Capítulo 162 por Projeto Scanlator
https://mangalivre.net/i-got-lucky-and-pulled-a-10th-rank-summon/online/476621/capitulo/39#/!page0;I Got Lucky And Pulled A 10th Rank Summon - Capítulo 39 por Random Scan
https://mangalivre.net/backseating-heavenly-demon/online/479857/capitulo/105#/!page0;Backseating Heavenly Demon - Capítulo 105 por Random Scan
https://mangalivre.net/the-god-of-highschool/online/480450/capitulo/569#/!page0;The God of Highschool - Capítulo 569 por Astrum
https://mangalivre.net/moon-shadow-sword-emperor/online/481634/capitulo/44#/!page0;Moon-Shadow Sword Emperor (Parte 1) - Capítulo 44 por Random Scan
https://mangalivre.net/black-clover/online/486322/capitulo/368#/!page0;Black Clover - Capítulo 368 por Padaria Scans
https://mangalivre.net/shuumatsu-no-walkure/online/487857/capitulo/81#/!page0;Shuumatsu no Walküre - Capítulo 81 por Libélula Caótica Scans
https://mangalivre.net/return-of-the-disaster-class-hero/online/486533/capitulo/74#/!page0;Return of the Disaster-Class Hero - Capítulo 74 por Neox Scanlator
https://mangalivre.net/magic-level-99990000-all-attribute-great-sage/online/490882/capitulo/39;Magic Level 99990000 All-Attribute Great Sage - Capítulo 39 por Peach Scan
https://mangalivre.net/kenja-no-mago/online/490810/capitulo/73#/!page0;Kenja no Mago - Capítulo 73 por Neox Scanlator
https://mangalivre.net/devouring-infinite/online/489981/capitulo/32#/!page0;Devouring Infinite - Capítulo 32 por Argos Scan
https://mangalivre.net/tate-no-yuusha-no-nariagari/online/491247/capitulo/100#/!page0;Tate no Yuusha no Nariagari - Capítulo 100 por Taberu Mangás
https://mangalivre.net/academys-genius-swordmaster/online/482854/capitulo/6#/!page0;Academy's Genius Swordmaster - Capítulo 6 por Neox Scanlator
https://mangalivre.net/life-of-a-magic-academy-mage/online/480807/capitulo/48#/!page0;Life of a Magic Academy Mage - Capítulo 48 por Neox Scanlator
https://mangalivre.net/trash-of-the-counts-family/online/492059/capitulo/100#/!page0;Trash of the Count’s Family - Capítulo 100 por Neox Scanlator
https://mangalivre.net/limit-breaker/online/491548/capitulo/103#/!page0;Limit Breaker - Capítulo 103 por Argos Scan
https://mangalivre.net/level-1-player/online/487088/capitulo/74#/!page0;Level 1 Player - Capítulo 74 por Random Scan
https://mangalivre.net/blue-lock-episode-nagi/online/493339/capitulo/12#/!page0;Blue Lock: Episode Nagi - Capítulo 12 por Sirius Scanlator
https://mangalivre.net/tondemo-skill-de-isekai-hourou-meshi/online/496676/capitulo/53-2#/!page0;Tondemo Skill de Isekai Hourou Meshi - Capítulo 53.2 por Kakusei Project
https://mangalivre.net/clever-cleaning-life-of-the-returned-genius-hunter/online/495951/capitulo/45#/!page0;Clever Cleaning Life Of The Returned Genius Hunter - Capítulo 45 por Prisma Comics
https://mangalivre.net/oshi-no-ko/online/495612/capitulo/128#/!page0;Oshi no Ko - Capítulo 128 por Subferia Scanlator
https://mangalivre.net/kaiju-no-8/online/496819/capitulo/94#/!page0;Kaiju No.8 - Capítulo 94 por Gravity Scans
https://mangalivre.net/kanteishi-wa-douga-haishin-de-level-up-through/online/495275/capitulo/34#/!page0;Kanteishi wa Douga Haishin de Level Up Through - Capítulo 34 por Diskus Scan
https://mangalivre.net/kamonohashi-ron-no-kindan-suiri/online/497021/capitulo/110#/!page0;Kamonohashi Ron no Kindan Suiri - Capítulo 110 por Contos do Vieira
https://mangalivre.net/taming-master/online/497380/capitulo/124#/!page0;Taming Master - Capítulo 124 por Neox Scanlator
https://mangaschan.net/19173620/warrior-high-school-dungeon-raid-department-capitulo-45/;Warrior High School - Dungeon Raid Department Capítulo 45 - Mangás Chan
https://neoxscan.net/manga/m-3_513_13-eescolhe/cap-64/;Me Escolhe! - Cap. 64 - Leia comics em português!
https://mangalivre.net/tensei-shitara-slime-datta-ken/online/494947/capitulo/111#/!page0;mangalivre.net
https://neoxscan.net/manga/jo-065_32_1-gadorcirurgiao/cap-57/;Jogador Cirurgião - Cap. 57 - Leia comics em português!
https://neoxscan.net/manga/me-065_32_1-escolhe/cap-68/;Me Escolhe! - Cap. 68 - Leia comics em português!
https://neoxscan.net/manga/he-065_32_1-a1_-y-inquisition-sword_1/cap-74/;Espada da Inquisição Celestial - Cap. 74 - Leia comics em português!
https://neoxscan.net/manga/oo-065_32_1-mecodepois-do-fim_1/cap-175-4/;O Começo Depois do Fim - Cap. 175.4 - Leia comics em português!
https://neoxscan.net/manga/o2-065_32_1-rnodoheroi-da-classe-desastre/cap-74/;O Retorno do Herói da Classe Desastre - Cap. 74 - Leia comics em português!
https://neoxscan.net/manga/oi-065_32_1-xodafamilia-condal/cap-108/;O Lixo da Familia Condal - Cap. 108 - Leia comics em português!
https://neoxscan.net/manga/ae-065_32_1-encarnacao-do-deus-da-guerra/cap-97/;A reencarnação do deus da guerra - Cap. 97 - Leia comics em português!
https://neoxscan.net/manga/ou-065_32_1-nicocromante/cap-107/;O Único Necromante - Cap. 107 - Leia comics em português!
https://neoxscan.net/manga/ou-065_32_1-ndoapos-a-queda/cap-99/;O Mundo após a Queda - Cap. 99 - Leia comics em português!
https://neoxscan.net/manga/nec-41_4572_1-romante-sem-limites/cap-58/;Necromante Sem Limites - Cap. 58 - Leia comics em português!
https://mangaschan.net/22552710/black-clover-capitulo-369/;Black Clover Capítulo 369 - Mangás Chan
https://mangaschan.net/05145922/tondemo-skill-de-isekai-hourou-meshi-capitulo-59-2/;Tondemo Skill de Isekai Hourou Meshi Capítulo 59.2 - Mangás Chan
https://mangaschan.net/08581620/i-got-the-weakest-class-dragon-tamer-capitulo-3/;I Got The Weakest Class, Dragon Tamer!? Capítulo 3 - Mangás Chan
https://mangaschan.net/11565312/tensei-shitara-slime-datta-ken-capitulo-116/;Tensei Shitara Slime Datta Ken Capítulo 116 - Mangás Chan
https://mangaschan.net/20052200/jujutsu-kaisen-capitulo-257/;Jujutsu KaisenCapítulo 257 - Mangás Chan
https://mangaschan.net/21434521/limit-breaker-capitulo-124/;Limit Breaker Capítulo 124 - Mangás Chan
https://mangaschan.net/22410701/kaijuu-8-gou-capitulo-105/;Kaijuu 8-gou Capítulo 105 - Mangás Chan
https://mangaschan.net/24481716/ao-ashi-capitulo-368/;Ao Ashi Capítulo 368 - Mangás Chan
https://mangaschan.net/23284421/eleceed-capitulo-294/;Eleceed Capítulo 294 - Mangás Chan
https://mangaschan.net/23334620/blue-lock-capitulo-259/;Blue Lock Capítulo 259 - Mangás Chan
https://mangaschan.net/27485709/record-of-ragnarok-capitulo-89-5/;Record of Ragnarok Capítulo 89.5 - Mangás Chan
https://mangaschan.net/manga/god-slaying-copycat/;God-Slaying Copycat - Mangás Chan
